{"cameraMode":{"drawMode":0,"name":"Shaded","section":"Shading Mode"},"sceneLighting":true,"audioPlay":false,"sceneViewState":{"m_AlwaysRefresh":false,"showFog":true,"showSkybox":true,"showFlares":true,"showImageEffects":true,"showParticleSystems":true,"showVisualEffectGraphs":true,"m_FxEnabled":true},"in2DMode":false,"pivot":{"x":435.022705078125,"y":389.7884521484375,"z":262.971435546875},"rotation":{"x":0.038680486381053928,"y":0.0005970494239591062,"z":0.000023347218302660622,"w":-0.9992498159408569},"size":516.2709350585938,"orthographic":true}